timestamp,name,cpu_perc,mem_usage,mem_perc,net_io,block_io,pids
2026-06-21T17:01:57+08:00,RPA-app,42.75%,49.2MiB / 2GiB,2.40%,4.6GB / 2.8GB,349MB / 536MB,26
2026-06-21T17:01:57+08:00,RPA-pgdb,2.10%,156.2MiB / 15.4GiB,0.99%,1.74GB / 9.74GB,58.8MB / 2.17GB,19
2026-06-21T17:01:57+08:00,RPA-redis,4.99%,10.61MiB / 15.4GiB,0.07%,1.06GB / 980MB,32.4MB / 13.6MB,7
2026-06-21T17:01:57+08:00,RPA-grafana,0.10%,81.7MiB / 15.4GiB,0.52%,23.6MB / 292kB,726MB / 143MB,25
2026-06-21T17:01:57+08:00,RPA-alloy,1.81%,198.7MiB / 15.4GiB,1.26%,6.01MB / 2.31GB,913MB / 75.3MB,27
2026-06-21T17:01:57+08:00,RPA-loki,15.14%,527.4MiB / 15.4GiB,3.35%,2.31GB / 969MB,753MB / 15GB,26
2026-06-21T17:01:57+08:00,rmqbroker,3.92%,1.15GiB / 15.4GiB,7.47%,2.65MB / 4.12MB,809MB / 1.04GB,324
2026-06-21T17:01:57+08:00,rmqdashboard,0.06%,413.9MiB / 15.4GiB,2.63%,2.35MB / 1.27MB,357MB / 486MB,66
2026-06-21T17:01:57+08:00,RPA-prometheus,0.03%,413.9MiB / 15.4GiB,2.63%,381MB / 5.38MB,417MB / 161MB,26
2026-06-21T17:01:57+08:00,RPA-minio,0.18%,159MiB / 15.4GiB,1.01%,1.02GB / 36.1MB,448MB / 1.54GB,53
2026-06-21T17:01:57+08:00,rmqnamesrv,0.12%,124MiB / 15.4GiB,0.79%,3.56MB / 2.71MB,248MB / 498MB,81
2026-06-21T17:01:57+08:00,RPA-cadvisor,6.87%,226.7MiB / 15.4GiB,1.44%,5.31MB / 378MB,215MB / 20.8MB,28
2026-06-21T17:01:57+08:00,script-k6-run-594709aae836,295.56%,84.99MiB / 15.4GiB,0.54%,9.42MB / 19.3MB,250kB / 0B,25
2026-06-21T17:02:00+08:00,script-k6-run-594709aae836,332.93%,195.4MiB / 15.4GiB,1.24%,30MB / 61.2MB,250kB / 0B,25
2026-06-21T17:02:00+08:00,RPA-app,184.09%,48.59MiB / 2GiB,2.37%,4.66GB / 2.83GB,349MB / 536MB,26
2026-06-21T17:02:00+08:00,RPA-pgdb,0.03%,156.1MiB / 15.4GiB,0.99%,1.74GB / 9.74GB,58.8MB / 2.17GB,19
2026-06-21T17:02:00+08:00,RPA-redis,27.79%,10.98MiB / 15.4GiB,0.07%,1.07GB / 987MB,32.4MB / 13.6MB,7
2026-06-21T17:02:00+08:00,RPA-grafana,0.24%,81.7MiB / 15.4GiB,0.52%,23.6MB / 292kB,726MB / 143MB,25
2026-06-21T17:02:00+08:00,RPA-alloy,144.44%,203.4MiB / 15.4GiB,1.29%,6.02MB / 2.31GB,913MB / 75.3MB,27
2026-06-21T17:02:00+08:00,RPA-loki,36.37%,509.9MiB / 15.4GiB,3.23%,2.31GB / 969MB,753MB / 15GB,26
2026-06-21T17:02:00+08:00,rmqbroker,6.68%,1.15GiB / 15.4GiB,7.47%,2.65MB / 4.13MB,809MB / 1.04GB,324
2026-06-21T17:02:00+08:00,rmqdashboard,0.08%,413.9MiB / 15.4GiB,2.63%,2.35MB / 1.27MB,357MB / 486MB,66
2026-06-21T17:02:00+08:00,RPA-prometheus,0.22%,413.9MiB / 15.4GiB,2.63%,381MB / 5.39MB,417MB / 161MB,26
2026-06-21T17:02:00+08:00,RPA-minio,0.02%,158.9MiB / 15.4GiB,1.01%,1.02GB / 36.1MB,448MB / 1.54GB,53
2026-06-21T17:02:00+08:00,rmqnamesrv,0.19%,124.1MiB / 15.4GiB,0.79%,3.56MB / 2.71MB,248MB / 498MB,81
2026-06-21T17:02:00+08:00,RPA-cadvisor,47.20%,260MiB / 15.4GiB,1.65%,5.31MB / 379MB,215MB / 20.8MB,28
2026-06-21T17:02:03+08:00,script-k6-run-594709aae836,330.08%,162.4MiB / 15.4GiB,1.03%,47.7MB / 97.2MB,250kB / 0B,25
2026-06-21T17:02:03+08:00,RPA-app,174.86%,49.41MiB / 2GiB,2.41%,4.69GB / 2.85GB,349MB / 536MB,26
2026-06-21T17:02:03+08:00,RPA-pgdb,0.51%,156.2MiB / 15.4GiB,0.99%,1.74GB / 9.74GB,58.8MB / 2.17GB,19
2026-06-21T17:02:03+08:00,RPA-redis,26.68%,10.48MiB / 15.4GiB,0.07%,1.08GB / 992MB,32.4MB / 13.6MB,7
2026-06-21T17:02:03+08:00,RPA-grafana,0.13%,81.7MiB / 15.4GiB,0.52%,23.6MB / 292kB,726MB / 143MB,25
2026-06-21T17:02:03+08:00,RPA-alloy,133.25%,218.1MiB / 15.4GiB,1.38%,6.03MB / 2.32GB,913MB / 75.3MB,27
2026-06-21T17:02:03+08:00,RPA-loki,41.33%,521MiB / 15.4GiB,3.30%,2.32GB / 969MB,753MB / 15GB,26
2026-06-21T17:02:03+08:00,rmqbroker,6.48%,1.151GiB / 15.4GiB,7.48%,2.65MB / 4.13MB,810MB / 1.04GB,324
2026-06-21T17:02:03+08:00,rmqdashboard,0.19%,413.9MiB / 15.4GiB,2.63%,2.35MB / 1.27MB,357MB / 486MB,66
2026-06-21T17:02:03+08:00,RPA-prometheus,0.00%,413.8MiB / 15.4GiB,2.62%,381MB / 5.39MB,417MB / 161MB,26
2026-06-21T17:02:03+08:00,RPA-minio,0.04%,158.9MiB / 15.4GiB,1.01%,1.02GB / 36.1MB,448MB / 1.54GB,53
2026-06-21T17:02:03+08:00,rmqnamesrv,0.13%,124.1MiB / 15.4GiB,0.79%,3.56MB / 2.71MB,248MB / 498MB,81
2026-06-21T17:02:03+08:00,RPA-cadvisor,4.21%,266.2MiB / 15.4GiB,1.69%,5.31MB / 379MB,215MB / 20.8MB,28
2026-06-21T17:02:06+08:00,script-k6-run-594709aae836,327.00%,140.2MiB / 15.4GiB,0.89%,64.5MB / 131MB,250kB / 0B,26
2026-06-21T17:02:06+08:00,RPA-app,182.33%,47.48MiB / 2GiB,2.32%,4.74GB / 2.88GB,349MB / 536MB,26
2026-06-21T17:02:06+08:00,RPA-pgdb,3.10%,156.2MiB / 15.4GiB,0.99%,1.74GB / 9.74GB,58.8MB / 2.17GB,19
2026-06-21T17:02:06+08:00,RPA-redis,25.97%,9.727MiB / 15.4GiB,0.06%,1.08GB / 996MB,32.4MB / 13.6MB,7
2026-06-21T17:02:06+08:00,RPA-grafana,0.19%,81.7MiB / 15.4GiB,0.52%,23.6MB / 292kB,726MB / 143MB,25
2026-06-21T17:02:06+08:00,RPA-alloy,81.13%,219.2MiB / 15.4GiB,1.39%,6.03MB / 2.32GB,913MB / 75.3MB,27
2026-06-21T17:02:06+08:00,RPA-loki,27.81%,530.1MiB / 15.4GiB,3.36%,2.32GB / 969MB,753MB / 15GB,26
2026-06-21T17:02:06+08:00,rmqbroker,5.63%,1.152GiB / 15.4GiB,7.48%,2.65MB / 4.13MB,810MB / 1.04GB,324
2026-06-21T17:02:06+08:00,rmqdashboard,0.08%,413.9MiB / 15.4GiB,2.63%,2.35MB / 1.27MB,357MB / 486MB,66
2026-06-21T17:02:06+08:00,RPA-prometheus,0.05%,413.8MiB / 15.4GiB,2.62%,381MB / 5.39MB,417MB / 161MB,26
2026-06-21T17:02:06+08:00,RPA-minio,0.02%,158.9MiB / 15.4GiB,1.01%,1.02GB / 36.1MB,448MB / 1.55GB,53
2026-06-21T17:02:06+08:00,rmqnamesrv,0.39%,125.2MiB / 15.4GiB,0.79%,3.56MB / 2.71MB,248MB / 498MB,81
2026-06-21T17:02:06+08:00,RPA-cadvisor,3.35%,275.9MiB / 15.4GiB,1.75%,5.31MB / 379MB,215MB / 20.8MB,28
2026-06-21T17:02:09+08:00,script-k6-run-594709aae836,314.53%,205.8MiB / 15.4GiB,1.31%,81.8MB / 166MB,250kB / 0B,26
2026-06-21T17:02:09+08:00,RPA-app,177.79%,47.46MiB / 2GiB,2.32%,4.78GB / 2.9GB,349MB / 536MB,26
2026-06-21T17:02:09+08:00,RPA-pgdb,0.01%,156.1MiB / 15.4GiB,0.99%,1.74GB / 9.74GB,58.8MB / 2.17GB,19
2026-06-21T17:02:09+08:00,RPA-redis,25.95%,9.738MiB / 15.4GiB,0.06%,1.09GB / 1GB,32.4MB / 13.6MB,7
2026-06-21T17:02:09+08:00,RPA-grafana,1.94%,91.45MiB / 15.4GiB,0.58%,23.6MB / 292kB,736MB / 143MB,25
2026-06-21T17:02:09+08:00,RPA-alloy,7.91%,218.4MiB / 15.4GiB,1.39%,6.04MB / 2.32GB,913MB / 75.3MB,27
2026-06-21T17:02:09+08:00,RPA-loki,22.73%,540.8MiB / 15.4GiB,3.43%,2.32GB / 969MB,753MB / 15GB,26
2026-06-21T17:02:09+08:00,rmqbroker,6.05%,1.152GiB / 15.4GiB,7.48%,2.65MB / 4.13MB,810MB / 1.04GB,324
2026-06-21T17:02:09+08:00,rmqdashboard,0.08%,413.9MiB / 15.4GiB,2.63%,2.35MB / 1.27MB,357MB / 486MB,66
2026-06-21T17:02:09+08:00,RPA-prometheus,0.00%,413.8MiB / 15.4GiB,2.62%,381MB / 5.39MB,417MB / 161MB,26
2026-06-21T17:02:09+08:00,RPA-minio,11.94%,160.7MiB / 15.4GiB,1.02%,1.02GB / 36.1MB,450MB / 1.55GB,53
2026-06-21T17:02:09+08:00,rmqnamesrv,0.26%,124.5MiB / 15.4GiB,0.79%,3.57MB / 2.71MB,248MB / 498MB,81
2026-06-21T17:02:09+08:00,RPA-cadvisor,3.33%,278.2MiB / 15.4GiB,1.76%,5.31MB / 379MB,215MB / 20.8MB,28
2026-06-21T17:02:12+08:00,script-k6-run-594709aae836,310.06%,162.5MiB / 15.4GiB,1.03%,97.4MB / 198MB,250kB / 0B,26
2026-06-21T17:02:12+08:00,RPA-app,183.75%,47.42MiB / 2GiB,2.32%,4.82GB / 2.92GB,349MB / 536MB,26
2026-06-21T17:02:12+08:00,RPA-pgdb,0.00%,156.1MiB / 15.4GiB,0.99%,1.74GB / 9.74GB,58.8MB / 2.17GB,19
2026-06-21T17:02:12+08:00,RPA-redis,27.97%,9.996MiB / 15.4GiB,0.06%,1.09GB / 1.01GB,32.4MB / 13.6MB,7
2026-06-21T17:02:12+08:00,RPA-grafana,0.16%,91.45MiB / 15.4GiB,0.58%,23.6MB / 292kB,736MB / 143MB,25
2026-06-21T17:02:12+08:00,RPA-alloy,160.01%,197.6MiB / 15.4GiB,1.25%,6.04MB / 2.33GB,913MB / 75.3MB,27
2026-06-21T17:02:12+08:00,RPA-loki,35.83%,536.5MiB / 15.4GiB,3.40%,2.33GB / 981MB,753MB / 15.1GB,26
2026-06-21T17:02:12+08:00,rmqbroker,6.22%,1.152GiB / 15.4GiB,7.48%,2.65MB / 4.13MB,811MB / 1.04GB,324
2026-06-21T17:02:12+08:00,rmqdashboard,0.08%,413.9MiB / 15.4GiB,2.63%,2.35MB / 1.27MB,357MB / 486MB,66
2026-06-21T17:02:12+08:00,RPA-prometheus,0.00%,413.8MiB / 15.4GiB,2.62%,381MB / 5.39MB,417MB / 161MB,26
2026-06-21T17:02:12+08:00,RPA-minio,5.89%,159.9MiB / 15.4GiB,1.01%,1.03GB / 36.2MB,451MB / 1.56GB,53
2026-06-21T17:02:12+08:00,rmqnamesrv,0.15%,124.3MiB / 15.4GiB,0.79%,3.57MB / 2.71MB,248MB / 498MB,81
2026-06-21T17:02:12+08:00,RPA-cadvisor,15.62%,231.3MiB / 15.4GiB,1.47%,5.31MB / 379MB,215MB / 20.8MB,28
2026-06-21T17:02:15+08:00,script-k6-run-594709aae836,294.51%,250.1MiB / 15.4GiB,1.59%,114MB / 232MB,250kB / 0B,26
2026-06-21T17:02:15+08:00,RPA-app,180.99%,48.23MiB / 2GiB,2.36%,4.84GB / 2.94GB,349MB / 536MB,26
2026-06-21T17:02:15+08:00,RPA-pgdb,3.26%,157.2MiB / 15.4GiB,1.00%,1.74GB / 9.74GB,58.8MB / 2.17GB,19
2026-06-21T17:02:15+08:00,RPA-redis,25.90%,11MiB / 15.4GiB,0.07%,1.1GB / 1.01GB,32.4MB / 13.6MB,7
2026-06-21T17:02:15+08:00,RPA-grafana,0.15%,91.45MiB / 15.4GiB,0.58%,23.6MB / 292kB,736MB / 143MB,25
2026-06-21T17:02:15+08:00,RPA-alloy,9.07%,209.6MiB / 15.4GiB,1.33%,6.05MB / 2.33GB,913MB / 75.3MB,27
2026-06-21T17:02:15+08:00,RPA-loki,47.62%,524.3MiB / 15.4GiB,3.33%,2.33GB / 981MB,753MB / 15.1GB,26
2026-06-21T17:02:15+08:00,rmqbroker,5.58%,1.152GiB / 15.4GiB,7.48%,2.66MB / 4.13MB,811MB / 1.04GB,324
2026-06-21T17:02:15+08:00,rmqdashboard,0.08%,415.2MiB / 15.4GiB,2.63%,2.35MB / 1.27MB,358MB / 486MB,66
2026-06-21T17:02:15+08:00,RPA-prometheus,0.04%,415.8MiB / 15.4GiB,2.64%,381MB / 5.39MB,417MB / 161MB,26
2026-06-21T17:02:15+08:00,RPA-minio,0.03%,159.5MiB / 15.4GiB,1.01%,1.03GB / 36.2MB,451MB / 1.56GB,53
2026-06-21T17:02:15+08:00,rmqnamesrv,0.14%,124.3MiB / 15.4GiB,0.79%,3.57MB / 2.71MB,248MB / 498MB,81
2026-06-21T17:02:15+08:00,RPA-cadvisor,3.63%,266.3MiB / 15.4GiB,1.69%,5.32MB / 379MB,215MB / 20.8MB,28
2026-06-21T17:02:18+08:00,script-k6-run-594709aae836,283.23%,208.8MiB / 15.4GiB,1.32%,132MB / 268MB,250kB / 0B,26
2026-06-21T17:02:18+08:00,RPA-app,173.59%,47.88MiB / 2GiB,2.34%,4.9GB / 2.97GB,349MB / 536MB,26
2026-06-21T17:02:18+08:00,RPA-pgdb,0.00%,156.1MiB / 15.4GiB,0.99%,1.74GB / 9.74GB,58.8MB / 2.17GB,19
2026-06-21T17:02:18+08:00,RPA-redis,24.07%,10.98MiB / 15.4GiB,0.07%,1.11GB / 1.01GB,32.4MB / 13.6MB,7
2026-06-21T17:02:18+08:00,RPA-grafana,0.28%,91.45MiB / 15.4GiB,0.58%,23.6MB / 292kB,736MB / 143MB,25
2026-06-21T17:02:18+08:00,RPA-alloy,13.13%,211.5MiB / 15.4GiB,1.34%,6.05MB / 2.33GB,913MB / 75.3MB,27
2026-06-21T17:02:18+08:00,RPA-loki,38.07%,526.4MiB / 15.4GiB,3.34%,2.33GB / 981MB,753MB / 15.1GB,26
2026-06-21T17:02:18+08:00,rmqbroker,5.00%,1.152GiB / 15.4GiB,7.48%,2.66MB / 4.13MB,812MB / 1.04GB,324
2026-06-21T17:02:18+08:00,rmqdashboard,0.22%,414.9MiB / 15.4GiB,2.63%,2.35MB / 1.27MB,358MB / 486MB,66
2026-06-21T17:02:18+08:00,RPA-prometheus,0.00%,415.8MiB / 15.4GiB,2.64%,381MB / 5.39MB,417MB / 161MB,26
2026-06-21T17:02:18+08:00,RPA-minio,0.00%,159.5MiB / 15.4GiB,1.01%,1.03GB / 36.2MB,451MB / 1.56GB,53
2026-06-21T17:02:18+08:00,rmqnamesrv,0.18%,124.8MiB / 15.4GiB,0.79%,3.57MB / 2.71MB,248MB / 498MB,81
2026-06-21T17:02:18+08:00,RPA-cadvisor,3.24%,265.8MiB / 15.4GiB,1.69%,5.32MB / 379MB,215MB / 20.8MB,28
2026-06-21T17:02:22+08:00,script-k6-run-594709aae836,290.72%,222.2MiB / 15.4GiB,1.41%,149MB / 303MB,250kB / 0B,27
2026-06-21T17:02:22+08:00,RPA-app,165.96%,48.24MiB / 2GiB,2.36%,4.93GB / 2.99GB,349MB / 536MB,26
2026-06-21T17:02:22+08:00,RPA-pgdb,0.00%,156.1MiB / 15.4GiB,0.99%,1.74GB / 9.74GB,58.8MB / 2.17GB,19
2026-06-21T17:02:22+08:00,RPA-redis,22.04%,10.25MiB / 15.4GiB,0.06%,1.11GB / 1.02GB,32.4MB / 13.6MB,7
2026-06-21T17:02:22+08:00,RPA-grafana,0.14%,91.45MiB / 15.4GiB,0.58%,23.6MB / 292kB,736MB / 143MB,25
2026-06-21T17:02:22+08:00,RPA-alloy,5.99%,209.9MiB / 15.4GiB,1.33%,6.06MB / 2.33GB,913MB / 75.4MB,27
2026-06-21T17:02:22+08:00,RPA-loki,14.60%,512.4MiB / 15.4GiB,3.25%,2.34GB / 981MB,753MB / 15.1GB,26
2026-06-21T17:02:22+08:00,rmqbroker,5.62%,1.154GiB / 15.4GiB,7.49%,2.66MB / 4.13MB,812MB / 1.04GB,324
2026-06-21T17:02:22+08:00,rmqdashboard,0.07%,414.9MiB / 15.4GiB,2.63%,2.35MB / 1.27MB,358MB / 486MB,66
2026-06-21T17:02:22+08:00,RPA-prometheus,0.08%,415.8MiB / 15.4GiB,2.64%,381MB / 5.39MB,417MB / 161MB,26
2026-06-21T17:02:22+08:00,RPA-minio,0.03%,159.5MiB / 15.4GiB,1.01%,1.03GB / 36.2MB,451MB / 1.56GB,53
2026-06-21T17:02:22+08:00,rmqnamesrv,0.14%,124.4MiB / 15.4GiB,0.79%,3.57MB / 2.71MB,248MB / 498MB,81
2026-06-21T17:02:22+08:00,RPA-cadvisor,4.06%,227.7MiB / 15.4GiB,1.44%,5.32MB / 379MB,215MB / 20.8MB,28
2026-06-21T17:02:25+08:00,script-k6-run-594709aae836,302.38%,266.2MiB / 15.4GiB,1.69%,166MB / 338MB,250kB / 0B,27
2026-06-21T17:02:25+08:00,RPA-app,180.69%,48.84MiB / 2GiB,2.38%,4.97GB / 3.02GB,349MB / 536MB,26
2026-06-21T17:02:25+08:00,RPA-pgdb,0.00%,156.1MiB / 15.4GiB,0.99%,1.74GB / 9.74GB,58.8MB / 2.17GB,19
2026-06-21T17:02:25+08:00,RPA-redis,26.93%,11.29MiB / 15.4GiB,0.07%,1.12GB / 1.02GB,32.4MB / 13.6MB,7
2026-06-21T17:02:25+08:00,RPA-grafana,3.49%,91.46MiB / 15.4GiB,0.58%,23.6MB / 292kB,736MB / 143MB,25
2026-06-21T17:02:25+08:00,RPA-alloy,42.74%,195.9MiB / 15.4GiB,1.24%,6.06MB / 2.34GB,913MB / 75.4MB,27
2026-06-21T17:02:25+08:00,RPA-loki,26.06%,528.1MiB / 15.4GiB,3.35%,2.34GB / 981MB,753MB / 15.1GB,26
2026-06-21T17:02:25+08:00,rmqbroker,5.26%,1.154GiB / 15.4GiB,7.49%,2.66MB / 4.14MB,813MB / 1.04GB,324
2026-06-21T17:02:25+08:00,rmqdashboard,0.08%,414.9MiB / 15.4GiB,2.63%,2.35MB / 1.27MB,358MB / 486MB,66
2026-06-21T17:02:25+08:00,RPA-prometheus,0.00%,415.8MiB / 15.4GiB,2.64%,381MB / 5.39MB,417MB / 161MB,26
2026-06-21T17:02:25+08:00,RPA-minio,0.00%,159.4MiB / 15.4GiB,1.01%,1.03GB / 36.2MB,451MB / 1.56GB,53
2026-06-21T17:02:25+08:00,rmqnamesrv,0.13%,124.4MiB / 15.4GiB,0.79%,3.57MB / 2.71MB,248MB / 498MB,81
2026-06-21T17:02:25+08:00,RPA-cadvisor,2.87%,228.5MiB / 15.4GiB,1.45%,5.32MB / 379MB,215MB / 20.8MB,28
2026-06-21T17:02:28+08:00,script-k6-run-594709aae836,303.28%,246MiB / 15.4GiB,1.56%,183MB / 372MB,250kB / 0B,27
2026-06-21T17:02:28+08:00,RPA-app,184.12%,46.96MiB / 2GiB,2.29%,5.01GB / 3.04GB,349MB / 536MB,26
2026-06-21T17:02:28+08:00,RPA-pgdb,0.00%,156.1MiB / 15.4GiB,0.99%,1.74GB / 9.74GB,58.8MB / 2.17GB,19
2026-06-21T17:02:28+08:00,RPA-redis,27.72%,9.992MiB / 15.4GiB,0.06%,1.12GB / 1.03GB,32.4MB / 13.6MB,7
2026-06-21T17:02:28+08:00,RPA-grafana,0.26%,91.46MiB / 15.4GiB,0.58%,23.6MB / 292kB,736MB / 143MB,25
2026-06-21T17:02:28+08:00,RPA-alloy,162.64%,210.8MiB / 15.4GiB,1.34%,6.07MB / 2.34GB,913MB / 75.4MB,27
2026-06-21T17:02:28+08:00,RPA-loki,12.83%,535.7MiB / 15.4GiB,3.40%,2.34GB / 981MB,753MB / 15.1GB,26
2026-06-21T17:02:28+08:00,rmqbroker,6.08%,1.155GiB / 15.4GiB,7.50%,2.66MB / 4.14MB,813MB / 1.04GB,324
2026-06-21T17:02:28+08:00,rmqdashboard,1.07%,414.9MiB / 15.4GiB,2.63%,2.35MB / 1.28MB,358MB / 486MB,66
2026-06-21T17:02:28+08:00,RPA-prometheus,0.00%,415.8MiB / 15.4GiB,2.64%,381MB / 5.39MB,417MB / 161MB,26
2026-06-21T17:02:28+08:00,RPA-minio,0.04%,159.4MiB / 15.4GiB,1.01%,1.03GB / 36.2MB,451MB / 1.56GB,53
2026-06-21T17:02:28+08:00,rmqnamesrv,0.48%,124.5MiB / 15.4GiB,0.79%,3.57MB / 2.71MB,248MB / 498MB,81
2026-06-21T17:02:28+08:00,RPA-cadvisor,2.99%,228.9MiB / 15.4GiB,1.45%,5.32MB / 379MB,215MB / 20.8MB,28
2026-06-21T17:02:31+08:00,script-k6-run-594709aae836,325.26%,324.6MiB / 15.4GiB,2.06%,200MB / 406MB,250kB / 0B,27
2026-06-21T17:02:31+08:00,RPA-app,182.88%,47.75MiB / 2GiB,2.33%,5.05GB / 3.06GB,349MB / 536MB,26
2026-06-21T17:02:31+08:00,RPA-pgdb,2.73%,156.1MiB / 15.4GiB,0.99%,1.74GB / 9.74GB,58.8MB / 2.17GB,19
2026-06-21T17:02:31+08:00,RPA-redis,26.59%,10.44MiB / 15.4GiB,0.07%,1.13GB / 1.03GB,32.4MB / 13.6MB,7
2026-06-21T17:02:31+08:00,RPA-grafana,0.20%,91.45MiB / 15.4GiB,0.58%,23.6MB / 292kB,736MB / 143MB,25
2026-06-21T17:02:31+08:00,RPA-alloy,162.84%,210.9MiB / 15.4GiB,1.34%,6.08MB / 2.34GB,913MB / 75.4MB,27
2026-06-21T17:02:31+08:00,RPA-loki,26.95%,529.2MiB / 15.4GiB,3.36%,2.35GB / 981MB,753MB / 15.1GB,26
2026-06-21T17:02:31+08:00,rmqbroker,6.44%,1.155GiB / 15.4GiB,7.50%,2.66MB / 4.14MB,814MB / 1.04GB,324
2026-06-21T17:02:31+08:00,rmqdashboard,0.07%,414.9MiB / 15.4GiB,2.63%,2.35MB / 1.28MB,358MB / 486MB,66
2026-06-21T17:02:31+08:00,RPA-prometheus,0.13%,416.3MiB / 15.4GiB,2.64%,382MB / 5.4MB,417MB / 161MB,26
2026-06-21T17:02:31+08:00,RPA-minio,0.00%,159.4MiB / 15.4GiB,1.01%,1.03GB / 36.2MB,451MB / 1.56GB,53
2026-06-21T17:02:31+08:00,rmqnamesrv,0.13%,124.5MiB / 15.4GiB,0.79%,3.57MB / 2.71MB,248MB / 498MB,81
2026-06-21T17:02:31+08:00,RPA-cadvisor,7.40%,265.4MiB / 15.4GiB,1.68%,5.32MB / 380MB,215MB / 20.8MB,28
2026-06-21T17:02:34+08:00,script-k6-run-594709aae836,305.61%,269.6MiB / 15.4GiB,1.71%,217MB / 441MB,250kB / 0B,27
2026-06-21T17:02:34+08:00,RPA-app,181.74%,48.53MiB / 2GiB,2.37%,5.09GB / 3.08GB,349MB / 536MB,26
2026-06-21T17:02:34+08:00,RPA-pgdb,0.00%,156.1MiB / 15.4GiB,0.99%,1.74GB / 9.74GB,58.8MB / 2.17GB,19
2026-06-21T17:02:34+08:00,RPA-redis,26.57%,10.48MiB / 15.4GiB,0.07%,1.13GB / 1.04GB,32.4MB / 13.6MB,7
2026-06-21T17:02:34+08:00,RPA-grafana,0.19%,91.45MiB / 15.4GiB,0.58%,23.6MB / 292kB,736MB / 143MB,25
2026-06-21T17:02:34+08:00,RPA-alloy,162.05%,202.8MiB / 15.4GiB,1.29%,6.08MB / 2.35GB,913MB / 75.4MB,27
2026-06-21T17:02:34+08:00,RPA-loki,24.18%,541.9MiB / 15.4GiB,3.44%,2.35GB / 981MB,753MB / 15.2GB,26
2026-06-21T17:02:34+08:00,rmqbroker,6.20%,1.155GiB / 15.4GiB,7.50%,2.66MB / 4.14MB,814MB / 1.04GB,324
2026-06-21T17:02:34+08:00,rmqdashboard,0.08%,414.9MiB / 15.4GiB,2.63%,2.35MB / 1.28MB,358MB / 486MB,66
2026-06-21T17:02:34+08:00,RPA-prometheus,0.00%,415.8MiB / 15.4GiB,2.64%,382MB / 5.4MB,417MB / 161MB,26
2026-06-21T17:02:34+08:00,RPA-minio,0.03%,159.4MiB / 15.4GiB,1.01%,1.03GB / 36.2MB,451MB / 1.56GB,53
2026-06-21T17:02:34+08:00,rmqnamesrv,0.20%,124.6MiB / 15.4GiB,0.79%,3.57MB / 2.72MB,248MB / 498MB,81
2026-06-21T17:02:34+08:00,RPA-cadvisor,3.02%,265.7MiB / 15.4GiB,1.69%,5.32MB / 380MB,215MB / 20.8MB,28
2026-06-21T17:02:37+08:00,script-k6-run-594709aae836,293.20%,280.4MiB / 15.4GiB,1.78%,234MB / 475MB,250kB / 0B,27
2026-06-21T17:02:37+08:00,RPA-app,184.77%,47.66MiB / 2GiB,2.33%,5.13GB / 3.11GB,349MB / 536MB,26
2026-06-21T17:02:37+08:00,RPA-pgdb,0.00%,156.1MiB / 15.4GiB,0.99%,1.74GB / 9.74GB,58.8MB / 2.17GB,19
2026-06-21T17:02:37+08:00,RPA-redis,27.28%,11.23MiB / 15.4GiB,0.07%,1.14GB / 1.04GB,32.4MB / 13.6MB,7
2026-06-21T17:02:37+08:00,RPA-grafana,0.22%,91.45MiB / 15.4GiB,0.58%,23.6MB / 292kB,736MB / 143MB,25
2026-06-21T17:02:37+08:00,RPA-alloy,152.74%,217.7MiB / 15.4GiB,1.38%,6.09MB / 2.35GB,913MB / 75.4MB,27
2026-06-21T17:02:37+08:00,RPA-loki,34.95%,498.8MiB / 15.4GiB,3.16%,2.35GB / 993MB,753MB / 15.2GB,26
2026-06-21T17:02:37+08:00,rmqbroker,6.80%,1.156GiB / 15.4GiB,7.51%,2.66MB / 4.14MB,814MB / 1.04GB,324
2026-06-21T17:02:37+08:00,rmqdashboard,0.08%,414.9MiB / 15.4GiB,2.63%,2.35MB / 1.28MB,358MB / 486MB,66
2026-06-21T17:02:37+08:00,RPA-prometheus,0.00%,415.8MiB / 15.4GiB,2.64%,382MB / 5.4MB,417MB / 161MB,26
2026-06-21T17:02:37+08:00,RPA-minio,5.42%,160.1MiB / 15.4GiB,1.02%,1.04GB / 36.2MB,451MB / 1.57GB,53
2026-06-21T17:02:37+08:00,rmqnamesrv,0.16%,124.6MiB / 15.4GiB,0.79%,3.57MB / 2.72MB,248MB / 498MB,81
2026-06-21T17:02:37+08:00,RPA-cadvisor,2.94%,266.7MiB / 15.4GiB,1.69%,5.32MB / 380MB,215MB / 20.8MB,28
2026-06-21T17:02:40+08:00,script-k6-run-594709aae836,302.42%,321.4MiB / 15.4GiB,2.04%,251MB / 510MB,250kB / 0B,27
2026-06-21T17:02:40+08:00,RPA-app,177.74%,49.09MiB / 2GiB,2.40%,5.17GB / 3.13GB,349MB / 536MB,26
2026-06-21T17:02:40+08:00,RPA-pgdb,0.00%,156.1MiB / 15.4GiB,0.99%,1.74GB / 9.74GB,58.8MB / 2.17GB,19
2026-06-21T17:02:40+08:00,RPA-redis,25.62%,10.54MiB / 15.4GiB,0.07%,1.15GB / 1.05GB,32.4MB / 13.6MB,7
2026-06-21T17:02:40+08:00,RPA-grafana,2.01%,91.45MiB / 15.4GiB,0.58%,23.6MB / 292kB,736MB / 143MB,25
2026-06-21T17:02:40+08:00,RPA-alloy,10.64%,220.3MiB / 15.4GiB,1.40%,6.09MB / 2.35GB,915MB / 75.4MB,27
2026-06-21T17:02:40+08:00,RPA-loki,16.30%,511.1MiB / 15.4GiB,3.24%,2.35GB / 993MB,753MB / 15.2GB,26
2026-06-21T17:02:40+08:00,rmqbroker,5.04%,1.156GiB / 15.4GiB,7.51%,2.66MB / 4.14MB,815MB / 1.04GB,324
2026-06-21T17:02:40+08:00,rmqdashboard,0.08%,414.9MiB / 15.4GiB,2.63%,2.35MB / 1.28MB,358MB / 486MB,66
2026-06-21T17:02:40+08:00,RPA-prometheus,0.03%,415.8MiB / 15.4GiB,2.64%,382MB / 5.4MB,417MB / 161MB,26
2026-06-21T17:02:40+08:00,RPA-minio,0.01%,159.7MiB / 15.4GiB,1.01%,1.04GB / 36.2MB,451MB / 1.57GB,53
2026-06-21T17:02:40+08:00,rmqnamesrv,0.16%,124.6MiB / 15.4GiB,0.79%,3.57MB / 2.72MB,248MB / 498MB,81
2026-06-21T17:02:40+08:00,RPA-cadvisor,3.23%,227.8MiB / 15.4GiB,1.45%,5.32MB / 380MB,215MB / 20.8MB,28
2026-06-21T17:02:43+08:00,script-k6-run-594709aae836,275.70%,279.4MiB / 15.4GiB,1.77%,269MB / 547MB,250kB / 0B,27
2026-06-21T17:02:43+08:00,RPA-app,179.64%,47.61MiB / 2GiB,2.32%,5.21GB / 3.15GB,349MB / 536MB,26
2026-06-21T17:02:43+08:00,RPA-pgdb,0.41%,156.1MiB / 15.4GiB,0.99%,1.74GB / 9.74GB,58.8MB / 2.17GB,19
2026-06-21T17:02:43+08:00,RPA-redis,25.08%,10.01MiB / 15.4GiB,0.06%,1.15GB / 1.05GB,32.4MB / 13.6MB,7
2026-06-21T17:02:43+08:00,RPA-grafana,0.12%,91.45MiB / 15.4GiB,0.58%,23.6MB / 292kB,736MB / 143MB,25
2026-06-21T17:02:43+08:00,RPA-alloy,11.38%,221.2MiB / 15.4GiB,1.40%,6.1MB / 2.36GB,915MB / 75.4MB,27
2026-06-21T17:02:43+08:00,RPA-loki,32.07%,514.2MiB / 15.4GiB,3.26%,2.36GB / 993MB,753MB / 15.2GB,26
2026-06-21T17:02:43+08:00,rmqbroker,4.76%,1.157GiB / 15.4GiB,7.51%,2.66MB / 4.14MB,816MB / 1.04GB,324
2026-06-21T17:02:43+08:00,rmqdashboard,0.19%,414.9MiB / 15.4GiB,2.63%,2.35MB / 1.28MB,358MB / 486MB,66
2026-06-21T17:02:43+08:00,RPA-prometheus,0.00%,415.8MiB / 15.4GiB,2.64%,382MB / 5.4MB,417MB / 161MB,26
2026-06-21T17:02:43+08:00,RPA-minio,0.03%,159.6MiB / 15.4GiB,1.01%,1.04GB / 36.2MB,451MB / 1.57GB,53
2026-06-21T17:02:43+08:00,rmqnamesrv,0.17%,125.4MiB / 15.4GiB,0.80%,3.57MB / 2.72MB,249MB / 498MB,81
2026-06-21T17:02:43+08:00,RPA-cadvisor,3.34%,226.8MiB / 15.4GiB,1.44%,5.32MB / 380MB,215MB / 20.8MB,28
2026-06-21T17:02:46+08:00,script-k6-run-594709aae836,309.07%,355.4MiB / 15.4GiB,2.25%,287MB / 582MB,250kB / 0B,27
2026-06-21T17:02:46+08:00,RPA-app,169.22%,48.8MiB / 2GiB,2.38%,5.25GB / 3.18GB,349MB / 536MB,26
2026-06-21T17:02:46+08:00,RPA-pgdb,2.44%,156.1MiB / 15.4GiB,0.99%,1.74GB / 9.74GB,58.8MB / 2.17GB,19
2026-06-21T17:02:46+08:00,RPA-redis,23.45%,11.14MiB / 15.4GiB,0.07%,1.16GB / 1.06GB,32.4MB / 13.6MB,7
2026-06-21T17:02:46+08:00,RPA-grafana,0.16%,91.7MiB / 15.4GiB,0.58%,23.6MB / 292kB,736MB / 143MB,25
2026-06-21T17:02:46+08:00,RPA-alloy,66.68%,206.4MiB / 15.4GiB,1.31%,6.1MB / 2.36GB,915MB / 75.4MB,27
2026-06-21T17:02:46+08:00,RPA-loki,18.63%,525.5MiB / 15.4GiB,3.33%,2.36GB / 993MB,753MB / 15.2GB,26
2026-06-21T17:02:46+08:00,rmqbroker,4.78%,1.157GiB / 15.4GiB,7.52%,2.66MB / 4.14MB,816MB / 1.04GB,324
2026-06-21T17:02:46+08:00,rmqdashboard,0.06%,414.9MiB / 15.4GiB,2.63%,2.35MB / 1.28MB,358MB / 486MB,66
2026-06-21T17:02:46+08:00,RPA-prometheus,0.05%,415.8MiB / 15.4GiB,2.64%,382MB / 5.4MB,417MB / 161MB,26
2026-06-21T17:02:46+08:00,RPA-minio,0.02%,159.6MiB / 15.4GiB,1.01%,1.04GB / 36.2MB,451MB / 1.57GB,53
2026-06-21T17:02:46+08:00,rmqnamesrv,0.13%,124.9MiB / 15.4GiB,0.79%,3.57MB / 2.72MB,249MB / 498MB,81
2026-06-21T17:02:46+08:00,RPA-cadvisor,3.11%,258.9MiB / 15.4GiB,1.64%,5.33MB / 380MB,215MB / 20.8MB,28
2026-06-21T17:02:49+08:00,script-k6-run-594709aae836,275.91%,359.8MiB / 15.4GiB,2.28%,305MB / 619MB,250kB / 0B,27
2026-06-21T17:02:49+08:00,RPA-app,174.13%,47.2MiB / 2GiB,2.30%,5.29GB / 3.2GB,349MB / 536MB,26
2026-06-21T17:02:49+08:00,RPA-pgdb,0.00%,156.1MiB / 15.4GiB,0.99%,1.74GB / 9.74GB,58.8MB / 2.17GB,19
2026-06-21T17:02:49+08:00,RPA-redis,24.80%,9.992MiB / 15.4GiB,0.06%,1.16GB / 1.06GB,32.4MB / 13.6MB,7
2026-06-21T17:02:49+08:00,RPA-grafana,0.17%,91.45MiB / 15.4GiB,0.58%,23.6MB / 292kB,736MB / 143MB,25
2026-06-21T17:02:49+08:00,RPA-alloy,28.36%,203.8MiB / 15.4GiB,1.29%,6.11MB / 2.36GB,915MB / 75.4MB,27
2026-06-21T17:02:49+08:00,RPA-loki,32.39%,501.3MiB / 15.4GiB,3.18%,2.36GB / 993MB,753MB / 15.2GB,26
2026-06-21T17:02:49+08:00,rmqbroker,3.96%,1.157GiB / 15.4GiB,7.51%,2.67MB / 4.15MB,816MB / 1.04GB,324
2026-06-21T17:02:49+08:00,rmqdashboard,0.07%,414.9MiB / 15.4GiB,2.63%,2.35MB / 1.28MB,358MB / 486MB,66
2026-06-21T17:02:49+08:00,RPA-prometheus,0.00%,415.8MiB / 15.4GiB,2.64%,382MB / 5.4MB,417MB / 161MB,26
2026-06-21T17:02:49+08:00,RPA-minio,0.02%,159.6MiB / 15.4GiB,1.01%,1.04GB / 36.2MB,451MB / 1.57GB,53
2026-06-21T17:02:49+08:00,rmqnamesrv,0.13%,124.7MiB / 15.4GiB,0.79%,3.57MB / 2.72MB,249MB / 498MB,81
2026-06-21T17:02:49+08:00,RPA-cadvisor,3.41%,261.9MiB / 15.4GiB,1.66%,5.33MB / 380MB,215MB / 20.8MB,28
2026-06-21T17:02:52+08:00,script-k6-run-594709aae836,291.73%,330.2MiB / 15.4GiB,2.09%,322MB / 654MB,250kB / 0B,27
2026-06-21T17:02:52+08:00,RPA-app,181.99%,48.93MiB / 2GiB,2.39%,5.33GB / 3.23GB,349MB / 536MB,26
2026-06-21T17:02:52+08:00,RPA-pgdb,3.21%,156.1MiB / 15.4GiB,0.99%,1.74GB / 9.74GB,58.8MB / 2.17GB,19
2026-06-21T17:02:52+08:00,RPA-redis,26.05%,11.14MiB / 15.4GiB,0.07%,1.17GB / 1.07GB,32.4MB / 13.6MB,7
2026-06-21T17:02:52+08:00,RPA-grafana,0.15%,91.45MiB / 15.4GiB,0.58%,23.6MB / 292kB,736MB / 143MB,25
2026-06-21T17:02:52+08:00,RPA-alloy,114.07%,205.3MiB / 15.4GiB,1.30%,6.12MB / 2.37GB,915MB / 75.4MB,27
2026-06-21T17:02:52+08:00,RPA-loki,36.90%,526.4MiB / 15.4GiB,3.34%,2.37GB / 993MB,753MB / 15.2GB,26
2026-06-21T17:02:52+08:00,rmqbroker,5.43%,1.158GiB / 15.4GiB,7.52%,2.67MB / 4.15MB,817MB / 1.04GB,324
2026-06-21T17:02:52+08:00,rmqdashboard,0.07%,415MiB / 15.4GiB,2.63%,2.35MB / 1.28MB,358MB / 486MB,66
2026-06-21T17:02:52+08:00,RPA-prometheus,0.00%,415.8MiB / 15.4GiB,2.64%,382MB / 5.4MB,417MB / 161MB,26
2026-06-21T17:02:52+08:00,RPA-minio,0.01%,159.6MiB / 15.4GiB,1.01%,1.04GB / 36.2MB,451MB / 1.57GB,53
2026-06-21T17:02:52+08:00,rmqnamesrv,0.14%,125MiB / 15.4GiB,0.79%,3.57MB / 2.72MB,249MB / 498MB,81
2026-06-21T17:02:52+08:00,RPA-cadvisor,3.55%,274.2MiB / 15.4GiB,1.74%,5.33MB / 380MB,215MB / 20.8MB,28
2026-06-21T17:02:55+08:00,script-k6-run-594709aae836,303.40%,389.3MiB / 15.4GiB,2.47%,340MB / 690MB,250kB / 0B,27
2026-06-21T17:02:55+08:00,RPA-app,181.49%,48.38MiB / 2GiB,2.36%,5.37GB / 3.25GB,349MB / 536MB,26
2026-06-21T17:02:55+08:00,RPA-pgdb,0.00%,156.1MiB / 15.4GiB,0.99%,1.74GB / 9.74GB,58.8MB / 2.17GB,19
2026-06-21T17:02:55+08:00,RPA-redis,26.93%,9.289MiB / 15.4GiB,0.06%,1.18GB / 1.07GB,32.4MB / 13.6MB,7
2026-06-21T17:02:55+08:00,RPA-grafana,0.14%,91.45MiB / 15.4GiB,0.58%,23.6MB / 292kB,736MB / 143MB,25
2026-06-21T17:02:55+08:00,RPA-alloy,147.45%,202.3MiB / 15.4GiB,1.28%,6.12MB / 2.37GB,915MB / 75.4MB,27
2026-06-21T17:02:55+08:00,RPA-loki,36.14%,532.9MiB / 15.4GiB,3.38%,2.37GB / 993MB,753MB / 15.2GB,26
2026-06-21T17:02:55+08:00,rmqbroker,5.49%,1.158GiB / 15.4GiB,7.52%,2.67MB / 4.15MB,817MB / 1.04GB,324
2026-06-21T17:02:55+08:00,rmqdashboard,0.07%,415MiB / 15.4GiB,2.63%,2.35MB / 1.28MB,358MB / 486MB,66
2026-06-21T17:02:55+08:00,RPA-prometheus,0.06%,415.8MiB / 15.4GiB,2.64%,382MB / 5.4MB,417MB / 161MB,26
2026-06-21T17:02:55+08:00,RPA-minio,0.31%,159.6MiB / 15.4GiB,1.01%,1.04GB / 36.2MB,451MB / 1.57GB,53
2026-06-21T17:02:55+08:00,rmqnamesrv,0.24%,125MiB / 15.4GiB,0.79%,3.58MB / 2.72MB,249MB / 498MB,81
2026-06-21T17:02:55+08:00,RPA-cadvisor,7.40%,278MiB / 15.4GiB,1.76%,5.33MB / 380MB,215MB / 20.8MB,28
2026-06-21T17:02:59+08:00,RPA-app,86.64%,51.98MiB / 2GiB,2.54%,5.39GB / 3.27GB,349MB / 536MB,26
2026-06-21T17:02:59+08:00,RPA-pgdb,341.67%,226.2MiB / 15.4GiB,1.43%,1.74GB / 9.76GB,58.9MB / 2.17GB,52
2026-06-21T17:02:59+08:00,RPA-redis,0.15%,8.891MiB / 15.4GiB,0.06%,1.18GB / 1.07GB,32.4MB / 13.6MB,7
2026-06-21T17:02:59+08:00,RPA-grafana,0.14%,91.45MiB / 15.4GiB,0.58%,23.6MB / 292kB,736MB / 143MB,25
2026-06-21T17:02:59+08:00,RPA-alloy,106.15%,215.6MiB / 15.4GiB,1.37%,6.13MB / 2.37GB,915MB / 75.5MB,27
2026-06-21T17:02:59+08:00,RPA-loki,22.70%,550.3MiB / 15.4GiB,3.49%,2.37GB / 993MB,753MB / 15.3GB,26
2026-06-21T17:02:59+08:00,rmqbroker,4.20%,1.159GiB / 15.4GiB,7.53%,2.67MB / 4.15MB,818MB / 1.04GB,324
2026-06-21T17:02:59+08:00,rmqdashboard,0.13%,415MiB / 15.4GiB,2.63%,2.36MB / 1.28MB,358MB / 486MB,66
2026-06-21T17:02:59+08:00,RPA-prometheus,1.67%,416.3MiB / 15.4GiB,2.64%,382MB / 5.41MB,417MB / 161MB,26
2026-06-21T17:02:59+08:00,RPA-minio,0.06%,159.5MiB / 15.4GiB,1.01%,1.04GB / 36.2MB,451MB / 1.57GB,53
2026-06-21T17:02:59+08:00,rmqnamesrv,0.20%,124.8MiB / 15.4GiB,0.79%,3.58MB / 2.72MB,249MB / 498MB,81
2026-06-21T17:02:59+08:00,RPA-cadvisor,2.21%,278.8MiB / 15.4GiB,1.77%,5.33MB / 380MB,215MB / 20.8MB,28
2026-06-21T17:02:59+08:00,script-k6-run-ff3050cba1ed,87.90%,44.55MiB / 15.4GiB,0.28%,71MB / 1.81MB,1.16MB / 0B,25
